<?xml version='1.0' encoding='UTF-8' ?>
<timeLogEntries>
  <time id="1" path="/Non Project/PSP for Engineers/Program 1/Planning" start="@1580396652828" delta="1" />
  <time id="2" path="/Non Project/PSP for Engineers/Program 1/Design" start="@1580396731082" delta="10" />
  <time id="3" path="/Non Project/PSP for Engineers/Program 1/Code" start="@1580397347001" delta="11" />
  <time id="4" path="/Non Project/PSP for Engineers/Program 1/Test" start="@1580398005314" delta="9" comment="tuve que detenerme porque mis papá me habló" />
  <time id="5" path="/Non Project/PSP for Engineers/Program 1/Test" start="@1580399053232" delta="4" />
  <time id="6" path="/Non Project/PSP for Engineers/Program 1/Postmortem" start="@1580399296676" delta="5" />
  <time id="7" path="/Non Project/PSP for Engineers/Program 2/Planning" start="@1581950697983" delta="3" />
  <time id="8" path="/Non Project/PSP for Engineers/Program 2/Design" start="@1581950882000" delta="10" comment="Hice un diagrama de clases y un diagrama de flujo " />
  <time id="9" path="/Non Project/PSP for Engineers/Program 2/Code" start="@1581951543002" delta="15" />
  <time id="10" path="/Non Project/PSP for Engineers/Program 2/Code" start="@1581952864914" delta="49" />
  <time id="11" path="/Non Project/PSP for Engineers/Program 2/Test" start="@1581955822000" delta="15" />
  <time id="12" path="/Non Project/PSP for Engineers/Program 2/Postmortem" start="@1581956778000" delta="11" />
  <time id="13" path="/Non Project/PSP for Engineers/Program 3/Planning" start="@1582564134527" delta="8" />
  <time id="14" path="/Non Project/PSP for Engineers/Program 3/Design" start="@1582564628284" delta="16" comment="se hizo diseño de clases y diagrama de flujo y se hicieron los archivos de prueba" />
  <time id="15" path="/Non Project/PSP for Engineers/Program 3/Code" start="@1582565594257" delta="46" />
  <time id="17" path="/Non Project/PSP for Engineers/Program 3/Test" start="@1582568367000" delta="13" />
  <time id="18" path="/Non Project/PSP for Engineers/Program 3/Postmortem" start="@1582569195637" delta="9" />
  <time id="20" path="/Non Project/PSP for Engineers/Program 3/Design" start="@1582571525324" delta="3" />
</timeLogEntries>
